<?xml version="1.0" encoding="UTF-8"?>
<project-private xmlns="http://www.netbeans.org/ns/project-private/1">
    <editor-bookmarks xmlns="http://www.netbeans.org/ns/editor-bookmarks/2" lastBookmarkId="0"/>
    <open-files xmlns="http://www.netbeans.org/ns/projectui-open-files/2">
        <group>
            <file>file:/E:/Xampp/htdocs/nspollachi/nbproject/2019_11_15_071433_create_states_table.php</file>
            <file>file:/E:/Xampp/htdocs/nspollachi/.env</file>
        </group>
    </open-files>
</project-private>
